{"cameraMode":{"drawMode":0,"name":"Shaded","section":"Shading Mode"},"sceneLighting":true,"audioPlay":false,"sceneViewState":{"showFog":true,"showMaterialUpdate":false,"showSkybox":true,"showFlares":true,"showImageEffects":true,"showParticleSystems":true},"in2DMode":false,"pivot":{"x":-1.7772166728973389,"y":0.20831185579299928,"z":-3.4652440547943117},"rotation":{"x":0.18617379665374757,"y":-0.19457174837589265,"z":0.03764248639345169,"w":0.9623228907585144},"size":20.81288719177246,"orthographic":false}